날짜,종가,시가,고가,저가,거래량,변동률,RSI_14,MACD,신호선,MA5,MA20,MA60
2026-05-21,"7,815.59","7,486.37","7,819.23","7,486.37",616.36M,8.42%,,0.0,0.0,,,
2026-05-20,"7,208.95","7,324.52","7,324.52","7,053.84",492.49M,-0.86%,,-48.39293447293494,-9.678586894586989,,,
2026-05-19,"7,271.66","7,425.66","7,446.57","7,141.91",533.51M,-3.25%,,-80.75363316856237,-23.89359614938207,,,
2026-05-18,"7,516.04","7,443.29","7,636.20","7,142.71",566.62M,0.31%,,-85.69248675438394,-36.253374270382444,,,
2026-05-15,"7,493.18","7,951.75","8,046.78","7,371.68",885.63M,-6.12%,,-90.40899612499288,-47.084498641304535,7461.084,,
2026-05-14,"7,981.41","7,873.91","7,991.04","7,842.72",849.94M,1.75%,,-54.12684254213582,-48.492967421470794,7494.248,,
2026-05-13,"7,844.01","7,513.65","7,855.47","7,402.36",738.74M,2.63%,,-36.0445074838608,-46.0032754339488,7621.26,,
2026-05-12,"7,643.15","7,953.41","7,999.67","7,421.71",1.02B,-2.29%,,-37.48969218197817,-44.30055878355468,7695.558,,
2026-05-11,"7,822.24","7,775.31","7,899.32","7,713.49",731.28M,4.32%,,-23.908344669882354,-40.22211596082021,7756.798,,
2026-05-08,"7,498.00","7,353.94","7,511.01","7,318.96",523.09M,0.11%,,-38.86052716416634,-39.94979820148944,7757.762,,
2026-05-07,"7,490.05","7,499.07","7,531.88","7,257.89",767.46M,1.43%,,-50.766533082320166,-42.11314517765559,7659.490000000001,,
2026-05-06,"7,384.56","7,093.01","7,426.60","7,093.01",995.69M,6.45%,,-67.93122110272725,-47.276760362669926,7567.6,,
2026-05-04,"6,936.99","6,782.93","6,937.00","6,741.63",873.01M,5.12%,,-116.3087832713909,-61.08316494441412,7426.3679999999995,,
2026-04-30,"6,598.87","6,739.39","6,750.27","6,597.83",685.46M,-1.38%,,-179.85851108705174,-84.83823417294164,7181.694,,
2026-04-29,"6,690.90","6,619.00","6,702.38","6,596.03",717.86M,0.75%,32.737285768226,-220.25708973365727,-111.92200528508477,7020.274,,
2026-04-28,"6,641.02","6,646.80","6,712.73","6,621.73",1.14B,0.39%,32.24357133138824,-253.37737682448915,-140.21307959296564,6850.468000000001,,
2026-04-27,"6,615.03","6,533.60","6,657.22","6,529.19",842.66M,2.15%,32.24357133138824,-278.51210458141486,-167.87288459065547,6696.562,,
2026-04-24,"6,475.63","6,496.10","6,516.54","6,403.74",878.20M,0.00%,32.24357133138824,-306.1508559057138,-195.52847885366714,6604.290000000001,,
2026-04-23,"6,475.81","6,488.83","6,557.76","6,309.10",1.04B,0.90%,32.24357133138824,-324.3018906366515,-221.28316121026404,6579.678,,
2026-04-22,"6,417.93","6,387.57","6,423.29","6,318.51",900.14M,0.46%,32.24357133138824,-339.44424672913374,-244.91537831403798,6525.084000000001,7191.0509999999995,
2026-04-21,"6,388.47","6,302.54","6,388.47","6,302.54",792.02M,2.72%,32.24357133138824,-349.78969099841106,-265.8902408509126,6474.5740000000005,7119.695,
2026-04-20,"6,219.09","6,213.92","6,278.36","6,176.75",692.88M,0.44%,32.24357133138824,-367.4206836196572,-286.1963294046616,6395.386,7070.201999999999,
2026-04-17,"6,191.92","6,227.33","6,230.32","6,159.88",689.74M,-0.55%,32.24357133138824,-379.21441648679047,-304.79994682108736,6338.644,7016.214999999999,
2026-04-16,"6,226.05","6,149.49","6,231.03","6,126.06",925.69M,2.21%,32.24357133138824,-381.41036769053517,-320.12203099497697,6288.692,6951.7155,
2026-04-15,"6,091.39","6,141.60","6,183.21","6,064.23",923.85M,2.07%,32.24357133138824,-389.52639364571405,-334.0029035251244,6223.384,6881.625999999999,
2026-04-14,"5,967.75","5,960.00","6,026.52","5,938.33",889.49M,2.74%,32.24357133138824,-401.30907616164495,-347.46413805242855,6139.24,6780.942999999999,
2026-04-13,"5,808.62","5,737.28","5,827.73","5,730.23",1.08B,-0.86%,32.24357133138824,-418.6613308261294,-361.70357660716877,6057.146,6679.1735,
2026-04-10,"5,858.87","5,876.12","5,918.59","5,850.83",1.00B,1.40%,32.24357133138824,-423.4767858387477,-374.0582184534846,5990.536,6589.9595,
2026-04-09,"5,778.01","5,826.45","5,862.41","5,757.49",1.03B,-1.61%,32.24357133138824,-428.87400232055734,-385.0213752268992,5900.928,6487.7480000000005,
2026-04-08,"5,872.34","5,804.70","5,919.60","5,774.00",932.61M,6.87%,32.24357133138824,-420.6902374294323,-392.1551476674058,5857.118,6406.465,
2026-04-07,"5,494.78","5,552.19","5,594.90","5,424.46",990.45M,0.82%,32.24357133138824,-439.60301151838576,-401.6447204376018,5762.523999999999,6306.7015,
2026-04-06,"5,450.33","5,423.35","5,505.61","5,404.91",1.11B,1.36%,32.24357133138824,-452.9568600323146,-411.9071483565444,5690.866,6209.99,
2026-04-03,"5,377.30","5,375.50","5,419.45","5,316.42",1.19B,2.74%,32.24357133138824,-464.08313040610665,-422.34234476645685,5594.552000000001,6132.0055,
2026-04-02,"5,234.05","5,551.69","5,574.62","5,170.27",1.43B,-4.47%,32.24357133138824,-478.93894758892293,-433.6616653309501,5485.76,6063.7645,
2026-04-01,"5,478.70","5,330.04","5,512.33","5,272.45",958.95M,8.44%,32.24357133138824,-465.60388757444616,-440.05010977964935,5407.032,6003.1545,
2026-03-31,"5,052.46","5,143.75","5,233.99","5,042.99",1.16B,-4.26%,32.24357133138824,-483.85221505513437,-448.8105308347464,5318.568,5923.7265,
2026-03-30,"5,277.30","5,181.80","5,297.35","5,151.22",727.39M,-2.97%,32.24357133138824,-474.6993979524814,-453.9883042582934,5283.962,5856.84,
2026-03-27,"5,438.87","5,300.61","5,462.51","5,220.10",900.08M,-0.40%,32.24357133138824,-449.2299327244473,-453.0366299515242,5296.276,5805.002,
2026-03-26,"5,460.46","5,594.06","5,598.37","5,448.12",925.09M,-3.22%,32.24357133138824,-422.4335148651671,-446.9160069342528,5341.558,5754.2345000000005,
2026-03-25,"5,642.21","5,680.33","5,740.97","5,630.07",763.22M,1.59%,32.24357133138824,-382.12653774048795,-433.9581130954998,5374.26,5715.4485,
2026-03-24,"5,553.92","5,638.20","5,643.00","5,395.17",1.17B,2.74%,32.24357133138824,-353.235355802457,-417.8135616368913,5474.552000000001,5673.721,
2026-03-23,"5,405.75","5,580.15","5,580.15","5,397.94",1.13B,-6.49%,32.24357133138824,-338.39416931764663,-401.9296831730424,5500.242,5633.054,
2026-03-20,"5,781.20","5,813.35","5,833.68","5,764.64",1.49B,0.31%,32.24357133138824,-292.9596879484352,-380.135684128121,5568.708,5612.518,
2026-03-19,"5,763.22","5,761.40","5,863.39","5,738.95",1.18B,-2.73%,32.24357133138824,-255.45860211274703,-355.2002677250462,5629.26,5589.3765,
2026-03-18,"5,925.03","5,767.10","5,934.35","5,766.14",1.14B,5.04%,32.24357133138824,-210.25828013763112,-326.2118702075632,5685.824,5581.0585,
2026-03-17,"5,640.48","5,711.80","5,717.13","5,632.86",1.14B,1.63%,32.24357133138824,-195.14796200741057,-299.9990885675327,5703.1359999999995,5564.695,
2026-03-16,"5,549.85","5,510.82","5,561.42","5,448.75",1.07B,1.14%,32.24357133138824,-188.31522886256698,-277.66231662653956,5731.956,5551.7565,
2026-03-13,"5,487.24","5,412.39","5,537.59","5,392.52",907.66M,-1.72%,32.24357133138824,-185.81043532899912,-259.2919403670315,5673.164,5533.175,
2026-03-12,"5,583.25","5,567.65","5,629.07","5,527.47",801.31M,-0.48%,32.24357133138824,-174.0715750354184,-242.2478673007089,5637.17,5523.437,
2026-03-11,"5,609.95","5,658.72","5,746.36","5,559.69",1.05B,1.40%,32.24357133138824,-160.760826087052,-225.95045905797753,5574.154,5510.3175,
2026-03-10,"5,532.59","5,523.21","5,595.88","5,427.88",923.21M,5.35%,32.24357133138824,-154.67131251112914,-211.69462974860787,5552.576,5512.2080000000005,
2026-03-09,"5,251.87","5,265.37","5,327.42","5,096.16",1.03B,-5.96%,32.24357133138824,-170.53130828485155,-203.4619654558566,5492.98,5502.285,
2026-03-06,"5,584.87","5,491.02","5,609.98","5,381.27",1.22B,0.02%,32.24357133138824,-154.44975160289778,-193.65952268526485,5512.505999999999,5512.663500000001,
2026-03-05,"5,583.90","5,250.92","5,715.30","5,248.13",1.66B,9.63%,32.24357133138824,-140.16750916999536,-182.96111998221096,5512.636,5530.156,
2026-03-04,"5,093.54","5,592.59","5,672.12","5,059.45",1.64B,-12.06%,32.24357133138824,-166.4974045952713,-179.66837690482305,5409.354,5510.897999999999,
2026-03-03,"5,791.91","6,165.15","6,180.45","5,791.65",1.23B,-7.24%,32.24357133138824,-129.5184063718234,-169.63838279822312,5461.218,5547.8705,
2026-02-27,"6,244.13","6,197.49","6,347.41","6,153.87",1.17B,-1.00%,32.24357133138824,-62.99573361702187,-148.30985296198287,5659.67,5596.212,
2026-02-26,"6,307.27","6,121.03","6,313.27","6,107.41",1.41B,3.67%,32.24357133138824,-5.122121246540701,-119.67230661889444,5804.15,5639.632,
2026-02-25,"6,083.86","6,022.70","6,144.71","5,984.28",1.42B,1.91%,32.24357133138824,22.456943958211923,-91.24645650347318,5904.142,5670.802000000001,
2026-02-24,"5,969.64","5,853.48","5,969.64","5,775.61",1.60B,2.11%,32.24357133138824,34.69698713619982,-66.05776777553858,6079.361999999999,5687.1735,6197.8910000000005
2026-02-23,"5,846.09","5,903.11","5,931.86","5,792.57",1.48B,0.65%,32.24357133138824,34.03551683820024,-46.03911085279082,6090.197999999999,5701.782,6165.066
2026-02-20,"5,808.53","5,696.89","5,809.91","5,684.58",1.75B,2.31%,32.24357133138824,30.133162424232978,-30.804656197386066,6003.078,5721.921,6141.725666666667
2026-02-19,"5,677.25","5,642.09","5,681.65","5,614.97",1.19B,3.09%,32.24357133138824,16.259885747485896,-21.391747808411676,5877.0740000000005,5716.7235,6115.152166666667
2026-02-13,"5,507.01","5,513.71","5,583.74","5,480.92",1.29B,-0.28%,32.24357133138824,-8.375187269879461,-18.788435700705236,5761.704,5703.913,6081.668333333334
2026-02-12,"5,522.27","5,425.39","5,522.27","5,399.52",750.61M,3.13%,32.24357133138824,-26.36340473625023,-20.303429507814236,5672.23,5683.775,6048.819833333333
2026-02-11,"5,354.49","5,293.75","5,374.23","5,257.53",753.77M,1.00%,32.24357133138824,-53.54045939239495,-26.950835484730383,5573.91,5669.4755000000005,6005.037833333333
2026-02-10,"5,301.69","5,350.21","5,363.62","5,286.67",712.27M,0.07%,32.24357133138824,-78.43484170826468,-37.24763672943725,5472.5419999999995,5657.0675,5962.665833333333
2026-02-09,"5,298.04","5,299.10","5,322.35","5,265.08",617.66M,4.10%,32.24357133138824,-97.33631113855336,-49.26537161126048,5396.7,5647.6075,5923.580666666667
2026-02-06,"5,089.14","5,013.15","5,120.77","4,899.30",745.76M,-1.44%,32.24357133138824,-127.70029646269813,-64.95235658154802,5313.126,5622.902,5878.0289999999995
2026-02-05,"5,163.57","5,251.03","5,304.40","5,142.20",911.91M,-3.86%,32.24357133138824,-144.0970337227809,-80.7812920097946,5241.386,5600.5830000000005,5839.121833333334
2026-02-04,"5,371.10","5,260.71","5,376.92","5,243.11",789.92M,1.57%,32.24357133138824,-138.74624914053584,-92.37428343594284,5244.7080000000005,5592.5085,5803.806
2026-02-03,"5,288.08","5,114.81","5,288.08","5,101.31",672.61M,6.84%,32.24357133138824,-139.59556322406934,-101.81853939356814,5241.986,5594.319,5768.864666666666
2026-02-02,"4,949.67","5,122.62","5,196.71","4,933.58",572.54M,-5.26%,32.24357133138824,-165.66581712741754,-114.58799494033804,5172.312,5562.558999999999,5735.742666666667
2026-01-30,"5,224.36","5,210.35","5,321.68","5,199.78",862.54M,0.06%,32.24357133138824,-162.29070759725073,-124.12853747172059,5199.356,5544.582,5712.8341666666665
2026-01-29,"5,221.25","5,243.42","5,252.61","5,073.12",699.66M,0.98%,32.24357133138824,-158.0450154286318,-130.91183306310285,5210.892,5550.967500000001,5688.34
2026-01-28,"5,170.81","5,145.39","5,183.44","5,124.80",593.11M,1.69%,32.24357133138824,-156.9412393372222,-136.11771431792673,5170.834000000001,5519.9125,5663.8365
2026-01-27,"5,084.85","4,932.89","5,084.85","4,890.72",476.16M,2.73%,32.24357133138824,-161.14516132444078,-141.12320371922954,5130.188,5461.9485,5638.333499999999
2026-01-26,"4,949.59","4,997.54","5,023.76","4,940.78",446.90M,-0.81%,32.24357133138824,-173.39239181215453,-147.57704133781453,5130.1720000000005,5394.0644999999995,5612.8994999999995
2026-01-23,"4,990.07","4,984.08","5,021.13","4,926.22",612.60M,0.76%,32.24357133138824,-177.7826448516762,-153.61816204058687,5083.314,5339.375,5588.137166666666
2026-01-22,"4,952.53","4,987.06","5,019.54","4,934.17",568.62M,0.87%,32.24357133138824,-182.1909326193745,-159.33271615634442,5029.570000000001,5288.5195,5563.713833333332
2026-01-21,"4,909.93","4,808.94","4,910.54","4,807.13",600.10M,0.49%,32.24357133138824,-186.96675998586943,-164.85952492224942,4977.394,5241.711499999999,5539.071500000001
2026-01-20,"4,885.75","4,900.28","4,935.48","4,823.88",667.71M,-0.39%,32.24357133138824,-190.50671863499338,-169.98896366479823,4937.5740000000005,5195.5725,5516.849166666667
2026-01-19,"4,904.66","4,829.40","4,917.37","4,827.95",570.84M,1.32%,32.24357133138824,-189.60068374601542,-173.91130768104168,4928.588,5156.943,5495.394833333334
2026-01-16,"4,840.74","4,820.66","4,855.61","4,797.75",720.91M,0.90%,32.24357133138824,-191.82916713788836,-177.49487957241104,4898.722,5123.629500000001,5472.306333333333
2026-01-15,"4,797.55","4,710.28","4,797.55","4,705.44",545.17M,1.58%,32.24357133138824,-194.83439865986384,-180.9627833899016,4867.726,5087.3935,5450.742333333333
2026-01-14,"4,723.10","4,685.11","4,723.10","4,669.32",550.42M,0.65%,32.24357133138824,-200.9076210926387,-184.951750930449,4830.36,5055.824,5429.998166666667
2026-01-13,"4,692.64","4,662.44","4,693.07","4,641.58",429.15M,1.47%,32.24357133138824,-205.8061558067193,-189.1226319057031,4791.737999999999,5025.3715,5411.3985
2026-01-12,"4,624.79","4,639.89","4,652.54","4,567.55",394.75M,0.84%,32.24357133138824,-212.71120544531095,-193.8403466136247,4735.764,4991.709,5390.8305
2026-01-09,"4,586.32","4,530.03","4,590.03","4,500.48",399.22M,0.75%,32.24357133138824,-218.76591720836313,-198.8254607325724,4684.88,4966.568,5370.969
2026-01-08,"4,552.37","4,531.46","4,622.32","4,527.50",440.09M,0.03%,32.24357133138824,-223.72484047333728,-203.8053366807254,4635.843999999999,4936.008,5348.9695
2026-01-07,"4,551.06","4,566.34","4,611.72","4,488.20",553.65M,0.57%,32.24357133138824,-225.16496735645524,-208.0772628158714,4601.436,4895.005999999999,5333.240833333333
2026-01-06,"4,525.48","4,446.08","4,525.48","4,395.00",498.39M,1.52%,32.24357133138824,-225.76785916110293,-211.6153820849177,4568.004,4856.876,5317.826666666666
2026-01-05,"4,457.52","4,385.92","4,457.52","4,381.93",513.87M,3.43%,32.24357133138824,-229.08866773555928,-215.11003921504604,4534.55,4832.2685,5302.497
2026-01-02,"4,309.63","4,224.53","4,313.55","4,216.68",406.34M,2.27%,32.24357133138824,-240.8772366444864,-220.26347870093414,4479.212,4786.532,5287.09
2025-12-30,"4,214.17","4,193.75","4,226.36","4,186.95",408.20M,-0.15%,32.24357133138824,-254.9832979076682,-227.20744254228097,4411.572,4736.178,5266.0145
2025-12-29,"4,220.56","4,146.48","4,220.56","4,146.48",502.39M,2.20%,32.24357133138824,-262.61951914910514,-234.2898578636458,4345.472,4688.6655,5252.1494999999995
2025-12-26,"4,129.68","4,130.37","4,143.14","4,116.53",510.16M,0.51%,32.24357133138824,-272.8591851456822,-242.0037233200531,4266.312,4640.907,5233.0225
2025-12-24,"4,108.62","4,136.24","4,137.20","4,106.62",363.61M,-0.21%,32.24357133138824,-279.4522091014551,-249.4934204763335,4196.532,4598.8585,5210.8516666666665
2025-12-23,"4,117.32","4,127.40","4,140.84","4,110.25",385.85M,0.28%,32.24357133138824,-280.7390260571001,-255.74254159248682,4158.07,4555.221,5188.465999999999
2025-12-22,"4,105.93","4,096.26","4,105.93","4,083.13",315.63M,2.12%,32.24357133138824,-279.4565148279662,-260.4853362395827,4136.4220000000005,4512.891,5162.861333333333
2025-12-19,"4,020.55","4,055.78","4,055.78","3,997.05",442.66M,0.65%,32.24357133138824,-282.07794888117496,-264.80385876790115,4096.42,4468.4220000000005,5137.305166666668
2025-12-18,"3,994.51","3,989.60","4,030.65","3,975.50",581.44M,-1.53%,32.24357133138824,-282.99448041709456,-268.44198309773986,4069.386,4423.860000000001,5113.7845
2025-12-17,"4,056.41","4,019.43","4,060.24","3,994.65",360.96M,1.43%,32.24357133138824,-275.5496606185461,-269.8635186019011,4058.9440000000004,4381.4475,5085.0380000000005
2025-12-16,"3,999.13","4,093.32","4,099.01","3,996.23",373.99M,-2.24%,32.24357133138824,-271.14600225081085,-270.1200153316831,4035.3060000000005,4339.367,5055.6365
2025-12-15,"4,090.59","4,053.74","4,123.19","4,052.65",346.84M,-1.84%,32.24357133138824,-257.3099052134021,-267.5579933080269,4032.2380000000003,4304.019,5025.0625
2025-12-12,"4,167.16","4,123.83","4,168.17","4,120.73",426.62M,1.38%,32.24357133138824,-237.42920348650568,-261.5322353437226,4061.56,4276.222,5000.507166666666
2025-12-11,"4,110.62","4,163.32","4,170.77","4,103.20",539.84M,-0.59%,32.24357133138824,-223.65772260661197,-253.9573327963005,4084.782,4247.121,4976.52
2025-12-10,"4,135.00","4,159.05","4,172.64","4,123.60",317.90M,-0.21%,32.24357133138824,-208.37445157414095,-244.8407565518686,4100.5,4222.6315,4953.982666666667
2025-12-09,"4,143.55","4,129.77","4,152.18","4,121.21",400.64M,-0.27%,32.24357133138824,-193.34368992107557,-234.54134322571,4129.384,4200.493,4929.987666666667
2025-12-08,"4,154.85","4,109.25","4,154.85","4,081.26",395.58M,1.34%,32.24357133138824,-178.46268076359047,-223.3256107332861,4142.236,4180.617,4905.736
2025-12-05,"4,100.05","4,023.50","4,100.05","4,003.29",478.51M,1.78%,32.24357133138824,-169.14151768278498,-212.4887921231859,4128.814,4158.066499999999,4881.860333333333
2025-12-04,"4,028.51","4,018.91","4,028.53","3,982.54",352.04M,-0.19%,32.24357133138824,-165.61796805898757,-203.11462731034624,4112.392,4133.218,4861.471
2025-12-03,"4,036.30","4,010.26","4,052.83","3,987.76",290.90M,1.04%,32.24357133138824,-160.3485435040584,-194.56141054908866,4092.6520000000005,4112.157,4835.6615
2025-12-02,"3,994.93","3,939.09","3,994.93","3,935.14",319.04M,1.90%,32.24357133138824,-157.69291408348363,-187.18771125596768,4062.928000000001,4096.4220000000005,4809.178666666668
2025-12-01,"3,920.37","3,967.92","3,977.31","3,892.08",296.92M,-0.16%,32.24357133138824,-159.76302876441787,-181.70277475765775,4016.032,4081.732,4789.6258333333335
2025-11-28,"3,926.59","3,995.30","3,995.30","3,921.89",241.92M,-1.51%,32.24357133138824,-159.06806985330513,-177.17583377678724,3981.34,4067.0335,4758.537166666666
2025-11-27,"3,986.91","3,989.45","4,023.42","3,968.43",257.86M,0.66%,32.24357133138824,-151.89899298729551,-172.12046561888891,3973.0199999999995,4059.8949999999995,4720.916833333334
2025-11-26,"3,960.87","3,891.88","3,960.87","3,866.66",295.33M,2.67%,32.24357133138824,-146.62841717503989,-167.02205593011914,3957.934,4052.5075000000006,4681.810166666666
2025-11-25,"3,857.78","3,942.36","3,946.61","3,833.35",279.29M,0.30%,32.24357133138824,-149.05177325176192,-163.4279993944477,3930.504,4039.5305,4644.708833333333
2025-11-24,"3,846.06","3,915.16","3,917.16","3,838.20",373.12M,-0.19%,32.24357133138824,-150.1867471209689,-160.77974893975195,3915.642,4026.5370000000003,4609.315833333333
2025-11-21,"3,853.26","3,908.70","3,911.55","3,838.46",319.32M,-3.79%,32.24357133138824,-148.79008280629068,-158.3818157130597,3900.976,4018.1724999999997,4576.102
2025-11-20,"4,004.85","4,030.97","4,059.37","4,001.31",360.28M,1.92%,32.24357133138824,-133.9075670861721,-153.4869659876822,3904.564,4018.6895000000004,4546.040666666667
2025-11-19,"3,929.51","3,966.64","3,966.64","3,854.95",338.24M,-0.61%,32.24357133138824,-126.73149275176411,-148.1358713404986,3898.292,4012.3445,4516.911666666667
2025-11-18,"3,953.62","4,044.47","4,072.41","3,953.26",319.66M,-3.32%,32.24357133138824,-117.74167391139554,-142.057031854678,3917.46,4010.0690000000004,4491.021833333333
2025-11-17,"4,089.25","4,078.57","4,089.88","4,045.40",344.10M,1.94%,32.24357133138824,-98.53709591496545,-133.3530446667355,3966.0980000000004,4010.0020000000004,4467.1381666666675
2025-11-14,"4,011.57","4,061.91","4,092.76","4,011.40",399.99M,-3.81%,32.24357133138824,-88.56453941160908,-124.39534361571023,3997.7599999999998,4002.2225,4444.756166666668
2025-11-13,"4,170.63","4,127.57","4,188.54","4,123.84",424.19M,0.49%,32.24357133138824,-67.05345338292136,-112.92696556915246,4030.916,4005.2230000000004,4425.905166666666
2025-11-12,"4,150.39","4,097.44","4,154.62","4,088.86",334.58M,1.07%,32.24357133138824,-51.050483378873196,-100.5516691310966,4075.0919999999996,4005.9925000000003,4406.777666666667
2025-11-11,"4,106.39","4,124.30","4,187.46","4,066.58",377.55M,0.81%,32.24357133138824,-41.44074353662563,-88.7294840122024,4105.646000000001,4004.1345,4390.3985
2025-11-10,"4,073.24","3,991.87","4,092.91","3,984.24",339.51M,3.02%,32.24357133138824,-36.08393034356459,-78.20037327847484,4102.444,4000.054,4372.226333333334
2025-11-07,"3,953.76","3,963.72","4,037.61","3,887.32",377.05M,-1.81%,32.24357133138824,-41.006952139957775,-70.76168905077142,4090.8820000000005,3992.7394999999997,4348.604
2025-11-06,"4,026.45","4,092.46","4,111.96","3,985.29",423.42M,0.55%,32.24357133138824,-38.5980723264197,-64.32896570590108,4062.046,3992.6364999999996,4327.5768333333335
2025-11-05,"4,004.42","4,055.47","4,055.47","3,867.81",594.16M,-2.85%,32.24357133138824,-38.02828817249201,-59.06883019921928,4032.8520000000003,3991.0424999999996,4311.822666666666
2025-11-04,"4,121.74","4,219.24","4,226.75","4,117.91",423.54M,-2.37%,32.24357133138824,-27.789644881836466,-52.812993135742715,4035.922,3997.3830000000003,4293.4456666666665
2025-11-03,"4,221.87","4,123.36","4,221.92","4,123.36",472.68M,2.78%,32.24357133138824,-11.463646350618546,-44.543123778717884,4065.6479999999997,4012.458,4276.789333333333
2025-10-31,"4,107.50","4,083.25","4,122.09","4,059.74",408.28M,0.50%,32.24357133138824,-7.665514779429486,-37.167601978860205,4096.396,4021.5035,4259.0675
2025-10-30,"4,086.89","4,105.95","4,146.72","4,070.79",566.54M,0.14%,32.24357133138824,-6.246516941268055,-30.983384971341778,4108.4839999999995,4026.5025,4242.434833333334
2025-10-29,"4,081.15","4,061.54","4,084.09","4,014.84",466.90M,1.76%,32.24357133138824,-5.521472857907611,-25.891002548654946,4123.83,4032.5165,4227.9608333333335
2025-10-28,"4,010.41","4,010.47","4,018.22","3,972.56",408.22M,-0.80%,32.24357133138824,-10.533572532107883,-22.819516545345532,4101.564,4040.1479999999997,4211.6331666666665
2025-10-27,"4,042.83","3,999.79","4,042.83","3,999.79",517.00M,2.57%,32.24357133138824,-11.75417971238312,-20.606449178753053,4065.756,4049.9865,4196.471500000001
2025-10-24,"3,941.59","3,893.23","3,951.07","3,886.64",426.90M,2.50%,32.24357133138824,-20.652670469437453,-20.615693436889934,4032.5739999999996,4054.4030000000007,4180.3325
2025-10-23,"3,845.56","3,835.79","3,902.21","3,822.33",423.59M,-0.98%,32.24357133138824,-35.04957723955795,-23.50247019742354,3984.308,4046.4385,4162.996
2025-10-22,"3,883.68","3,827.23","3,883.68","3,794.52",597.22M,1.56%,32.24357133138824,-42.88886798834665,-27.379749755608167,3944.814,4044.147,4145.979666666667
2025-10-21,"3,823.84","3,851.01","3,893.06","3,816.19",526.85M,0.24%,32.24357133138824,-53.31556167485269,-32.566912139457074,3907.5,4037.6579999999994,4129.031333333333
2025-10-20,"3,814.69","3,775.40","3,814.69","3,728.38",410.15M,1.76%,32.24357133138824,-61.60695346143302,-38.374920403852265,3861.8720000000003,4023.9299999999994,4112.650333333333
2025-10-17,"3,748.89","3,732.76","3,794.87","3,722.07",420.77M,0.01%,32.24357133138824,-72.64998744281138,-45.22993381164409,3823.332,4010.796,4096.4135
2025-10-16,"3,748.37","3,675.82","3,748.37","3,675.82",495.79M,2.49%,32.24357133138824,-80.51549853998449,-52.28704675731217,3803.8940000000002,3989.683,4080.675666666667
2025-10-15,"3,657.28","3,580.64","3,659.91","3,577.06",543.61M,2.68%,32.24357133138824,-93.02681921680141,-60.43500124921002,3758.614,3965.0275,4064.5505
2025-10-14,"3,561.81","3,604.12","3,646.77","3,535.52",734.08M,-0.63%,32.24357133138824,-109.38484175029862,-70.22496934942774,3706.208,3937.7985,4047.4753333333338
2025-10-13,"3,584.55","3,550.08","3,584.55","3,522.54",408.03M,-0.72%,32.24357133138824,-119.14038827369086,-80.00805313428037,3660.1800000000003,3913.364,4031.345
2025-10-10,"3,610.60","3,598.11","3,617.86","3,569.44",407.41M,1.73%,32.24357133138824,-123.34783482878447,-88.6760094731812,3632.522,3896.2059999999997,4015.6706666666664
2025-10-06,"3,549.21","3,525.48","3,549.21","3,549.21",402.11M,0.00%,32.24357133138824,-130.13580196079465,-96.9679679707039,3592.69,3872.344,3999.3995
2025-10-02,"3,549.21","3,525.48","3,565.96","3,512.16",402.11M,2.70%,32.24357133138824,-133.9709807455797,-104.36857052567908,3571.076,3849.5834999999997,3984.261
2025-10-01,"3,455.83","3,444.06","3,459.74","3,440.42",493.64M,0.91%,32.24357133138824,-142.89813243456456,-112.07448290745619,3549.88,3816.2879999999996,3970.031
2025-09-30,"3,424.60","3,436.00","3,443.38","3,421.89",526.40M,-0.19%,32.24357133138824,-150.7551529038883,-119.81061690674261,3517.8900000000003,3776.4245,3956.8715
2025-09-29,"3,431.21","3,414.43","3,439.12","3,413.33",416.48M,1.33%,32.24357133138824,-154.665637284083,-126.7816209822107,3482.012,3742.6099999999997,3943.7156666666665
2025-09-26,"3,386.05","3,440.39","3,441.91","3,365.73",399.15M,-2.45%,32.24357133138824,-159.56934285507214,-133.33916535678298,3449.38,3707.568,3931.321833333334
2025-09-25,"3,471.11","3,458.98","3,479.42","3,454.08",293.08M,-0.03%,32.24357133138824,-154.80741026419446,-137.6328143382653,3433.7599999999998,3677.066,3920.6966666666663
2025-09-24,"3,472.14","3,492.03","3,497.95","3,442.41",287.14M,-0.40%,32.24357133138824,-149.23019914297402,-139.95229129920705,3437.022,3650.1525,3909.943666666667
2025-09-23,"3,486.19","3,489.46","3,494.49","3,467.83",358.34M,0.51%,32.24357133138824,-142.03916251930605,-140.36966554322686,3449.34,3622.3205000000003,3899.614666666667
2025-09-22,"3,468.65","3,463.84","3,482.25","3,458.87",287.87M,0.68%,32.24357133138824,-136.18568183102752,-139.532868800787,3456.828,3598.6735,3890.4163333333336
2025-09-19,"3,445.24","3,461.23","3,467.89","3,434.61",348.84M,-0.46%,32.24357133138824,-131.91511226806233,-138.00931749424208,3468.666,3578.6575,3881.261833333333
2025-09-18,"3,461.30","3,432.77","3,461.30","3,422.77",391.18M,1.40%,32.24357133138824,-125.78477870997767,-135.5644097373892,3466.704,3557.5385,3871.343333333333
2025-09-17,"3,413.40","3,433.83","3,433.83","3,406.75",326.61M,-1.05%,32.24357133138824,-123.36944867204784,-133.12541752432094,3454.9559999999997,3537.0165,3861.5811666666673
2025-09-16,"3,449.62","3,421.13","3,452.50","3,418.10",406.21M,1.24%,32.24357133138824,-117.18183170589782,-129.93670036063634,3447.642,3518.7630000000004,3850.898333333333
2025-09-15,"3,407.31","3,407.78","3,420.23","3,391.33",378.85M,0.35%,32.24357133138824,-114.3737348611262,-126.82410726073431,3435.374,3501.684,3838.234166666667
2025-09-12,"3,395.54","3,374.65","3,395.54","3,362.86",448.86M,1.54%,32.24357133138824,-111.809171978628,-123.82112020431305,3425.4339999999997,3484.0424999999996,3826.3161666666665
2025-09-11,"3,344.20","3,336.60","3,344.70","3,311.86",435.59M,0.90%,32.24357133138824,-112.62121904244168,-121.58113997193878,3402.014,3468.3884999999996,3813.136166666666
2025-09-10,"3,314.53","3,272.20","3,317.77","3,272.07",564.71M,1.67%,32.24357133138824,-114.34084316317922,-120.13308061018688,3382.2400000000002,3456.0245000000004,3799.3191666666667
2025-09-09,"3,260.05","3,231.31","3,260.05","3,221.98",439.95M,1.26%,32.24357133138824,-118.73108037272414,-119.85268056269435,3344.326,3439.7995,3784.4058333333332
2025-09-08,"3,219.59","3,209.81","3,221.14","3,206.34",372.30M,0.45%,32.24357133138824,-124.04524251270595,-120.69119295269667,3306.782,3420.249,3769.7315000000003
2025-09-05,"3,205.12","3,208.83","3,214.64","3,196.19",323.84M,0.13%,32.24357133138824,-127.94944085585257,-122.14284253332785,3268.698,3403.0445,3756.008333333333
2025-09-04,"3,200.83","3,188.84","3,205.61","3,185.49",286.26M,0.52%,32.24357133138824,-129.89239464771026,-123.69275295620433,3240.0240000000003,3385.6254999999996,3742.083833333333
2025-09-03,"3,184.42","3,177.75","3,187.48","3,167.23",335.82M,0.38%,32.24357133138824,-131.24345651144222,-125.20289366725191,3214.002,3372.0549999999994,3728.575333333333
2025-09-02,"3,172.35","3,155.73","3,174.16","3,151.93",310.68M,0.94%,32.24357133138824,-131.76917784044645,-126.51615050189083,3196.462,3359.4425,3716.108333333333
2025-09-01,"3,142.93","3,164.58","3,177.40","3,135.02",260.14M,-1.35%,32.24357133138824,-133.02631930515963,-127.8181842625446,3181.13,3345.0284999999994,3703.0473333333334
2025-08-29,"3,186.01","3,208.80","3,212.69","3,184.48",245.13M,-0.32%,32.24357133138824,-129.0587085518132,-128.06628912039832,3177.308,3335.0265,3689.699
2025-08-28,"3,196.32","3,175.33","3,211.34","3,164.08",312.19M,0.29%,32.24357133138824,-123.65697695244762,-127.1844266868082,3176.406,3321.2870000000003,3676.9565
2025-08-27,"3,187.16","3,185.87","3,189.31","3,165.77",281.72M,0.25%,32.24357133138824,-118.74636698767426,-125.49681474698141,3176.954,3307.0380000000005,3665.7794999999996
2025-08-26,"3,179.36","3,199.92","3,199.92","3,175.31",325.35M,-0.95%,32.24357133138824,-114.1680102689752,-123.23105385138018,3178.356,3291.6965000000005,3654.6678333333334
2025-08-25,"3,209.86","3,195.14","3,209.86","3,180.12",220.16M,1.30%,32.24357133138824,-106.84687027262771,-119.9542171356297,3191.7419999999997,3278.757,3643.9444999999996
2025-08-22,"3,168.73","3,165.41","3,181.95","3,159.45",236.80M,0.86%,32.24357133138824,-103.1743318678241,-116.59824008206859,3188.286,3264.9315,3630.009166666667
2025-08-21,"3,141.74","3,140.71","3,166.54","3,134.86",276.92M,0.37%,32.24357133138824,-101.27425953508282,-113.53344397267145,3177.37,3248.9535,3616.8796666666667
2025-08-20,"3,130.09","3,121.52","3,132.83","3,079.27",335.28M,-0.68%,32.24357133138824,-99.560820989087,-110.73891937595457,3165.956,3234.7879999999996,3603.1541666666667
2025-08-19,"3,151.56","3,185.04","3,185.48","3,142.48",285.29M,-0.81%,32.24357133138824,-95.37108057853129,-107.66535161646992,3160.3959999999997,3219.885,3587.526
2025-08-18,"3,177.28","3,202.63","3,206.77","3,177.28",326.13M,-1.50%,32.24357133138824,-88.94993261494983,-103.9222678161659,3153.88,3208.3835,3573.6211666666663
2025-08-14,"3,225.66","3,226.52","3,239.55","3,210.83",441.47M,0.04%,32.24357133138824,-79.04607101824149,-98.94702845658102,3165.266,3199.8895,3557.8716666666664
2025-08-13,"3,224.37","3,225.40","3,226.37","3,192.17",320.07M,1.08%,32.24357133138824,-70.48873135109716,-93.25536903548425,3181.792,3193.898,3542.4380000000006
2025-08-12,"3,189.91","3,209.75","3,242.17","3,189.58",373.22M,-0.53%,32.24357133138824,-65.7299184340909,-87.75027891520558,3193.756,3187.6670000000004,3527.163333333333
2025-08-11,"3,206.77","3,220.72","3,223.23","3,199.90",304.97M,-0.10%,32.24357133138824,-59.907487591033714,-82.1817206503712,3204.798,3185.0029999999997,3512.722166666667
2025-08-08,"3,210.01","3,220.58","3,227.28","3,198.31",341.44M,-0.55%,32.24357133138824,-54.40458607478058,-76.62629373525309,3211.344,3184.5240000000003,3500.326333333333
2025-08-07,"3,227.68","3,214.81","3,227.68","3,200.28",327.05M,0.92%,32.24357133138824,-48.06362806546804,-70.91376060129608,3211.748,3185.652,3487.0135
2025-08-06,"3,198.14","3,182.06","3,200.15","3,176.61",327.36M,0.00%,32.24357133138824,-44.90437460443445,-65.71188340192376,3206.502,3185.5175,3473.5755
2025-08-05,"3,198.00","3,187.15","3,212.31","3,174.23",273.44M,1.60%,32.24357133138824,-41.92861335029738,-60.955229391598486,3208.12,3186.1965,3458.1798333333336
2025-08-04,"3,147.75","3,114.27","3,157.45","3,105.63",293.45M,0.91%,32.24357133138824,-43.127904523263624,-57.38976441793152,3196.316,3184.9665,3440.277833333333
2025-08-01,"3,119.41","3,210.32","3,210.32","3,117.92",507.78M,-3.88%,32.24357133138824,-45.836774763926314,-55.07916648713048,3178.196,3183.7905,3423.8096666666665
2025-07-31,"3,245.44","3,275.78","3,288.26","3,227.46",540.32M,-0.28%,32.24357133138824,-37.38307737682271,-51.539948665068934,3181.748,3186.7619999999997,3409.7855
2025-07-30,"3,254.47","3,233.31","3,269.40","3,227.28",338.07M,0.74%,32.24357133138824,-29.613450337048107,-47.15464899946477,3193.014,3189.6695,3396.0075
2025-07-29,"3,230.57","3,192.17","3,232.31","3,169.03",373.20M,0.66%,32.24357133138824,-25.09521319378291,-42.7427618383284,3199.528,3191.84,3383.010166666667
2025-07-28,"3,209.52","3,228.61","3,228.61","3,180.18",502.72M,0.42%,32.24357133138824,-22.94850075169461,-38.78390962100164,3211.882,3193.348,3369.1216666666664
2025-07-25,"3,196.05","3,184.37","3,205.82","3,184.37",389.29M,0.18%,32.24357133138824,-22.079612077674938,-35.4430501123363,3227.21,3192.6575000000003,3356.6959999999995
2025-07-24,"3,190.45","3,209.43","3,237.97","3,183.05",425.50M,0.21%,32.24357133138824,-21.593962978910895,-32.67323268565122,3216.212,3193.7434999999996,3345.7774999999997
2025-07-23,"3,183.77","3,189.65","3,199.86","3,141.93",664.83M,0.44%,32.24357133138824,-21.500261115446847,-30.43863837161035,3202.072,3195.8450000000003,3334.112333333333
2025-07-22,"3,169.94","3,210.12","3,220.27","3,155.25",378.49M,-1.27%,32.24357133138824,-22.285078617115687,-28.807926420711418,3189.946,3197.8375,3323.214
2025-07-21,"3,210.81","3,191.11","3,211.14","3,188.87",343.91M,0.71%,32.24357133138824,-19.385718213954533,-26.923484779360045,3190.204,3200.8,3313.1493333333333
2025-07-18,"3,188.07","3,200.44","3,204.75","3,169.69",393.45M,-0.13%,32.24357133138824,-18.70723677884007,-25.28023517925605,3188.608,3201.3395,3303.802333333333
2025-07-17,"3,192.29","3,201.42","3,201.42","3,152.42",424.79M,0.19%,32.24357133138824,-17.625836944732782,-23.749355532351398,3188.976,3199.6710000000003,3294.5343333333335
2025-07-16,"3,186.38","3,207.48","3,209.20","3,178.42",531.50M,-0.90%,32.24357133138824,-17.049175115220805,-22.40931944892528,3189.498,3197.7715,3286.686
2025-07-15,"3,215.28","3,194.82","3,216.01","3,183.83",419.65M,0.41%,32.24357133138824,-14.097668837224319,-20.746989326585087,3198.566,3199.04,3280.9105
2025-07-14,"3,202.03","3,175.59","3,202.06","3,170.72",444.04M,0.83%,32.24357133138824,-12.68155800589193,-19.133903062446457,3196.81,3198.803,3274.535166666667
2025-07-11,"3,175.77","3,186.35","3,216.69","3,170.46",465.29M,-0.23%,32.24357133138824,-13.52236509808563,-18.011595469574292,3194.35,3197.091,3267.288
2025-07-10,"3,183.23","3,144.14","3,183.23","3,133.81",596.57M,1.58%,32.24357133138824,-13.431916351535165,-17.095659645966467,3192.5379999999996,3194.8684999999996,3261.1883333333335
2025-07-09,"3,133.74","3,123.22","3,137.17","3,111.02",642.96M,0.60%,32.24357133138824,-17.155901905075098,-17.107708097788194,3182.0099999999998,3191.6485000000002,3254.263833333333
2025-07-08,"3,114.95","3,071.74","3,115.86","3,066.03",745.79M,1.81%,32.24357133138824,-21.376962929585716,-17.9615590641477,3161.944,3187.496,3248.5825
2025-07-07,"3,059.47","3,044.78","3,068.43","3,032.99",359.40M,0.17%,32.24357133138824,-28.866204895460214,-20.142488230410205,3133.432,3183.082,3242.4970000000003
2025-07-04,"3,054.28","3,122.28","3,123.84","3,052.91",520.76M,-1.99%,32.24357133138824,-34.81890210638221,-23.077771005604607,3109.134,3179.8255,3236.2148333333334
2025-07-03,"3,116.27","3,100.33","3,116.27","3,085.98",539.12M,1.34%,32.24357133138824,-34.14082838723152,-25.29038248192999,3095.7419999999997,3173.3669999999997,3231.7185
2025-07-02,"3,075.06","3,083.82","3,090.61","3,032.47",696.80M,-0.47%,32.24357133138824,-36.50791218690256,-27.533888422924505,3084.0060000000003,3164.3965,3225.1176666666665
2025-07-01,"3,089.65","3,089.64","3,133.52","3,088.45",576.02M,0.58%,32.24357133138824,-36.78254579420218,-29.38361989718004,3078.946,3157.3505,3218.742833333333
2025-06-30,"3,071.70","3,072.75","3,086.00","3,063.42",464.16M,0.52%,32.24357133138824,-38.01044909571374,-31.10898573688678,3081.3920000000003,3150.4595,3211.8346666666666
2025-06-27,"3,055.94","3,077.87","3,093.56","3,041.85",381.63M,-0.77%,32.24357133138824,-39.79652206304354,-32.84649300211813,3081.7239999999997,3143.454,3204.9561666666664
2025-06-26,"3,079.56","3,108.34","3,113.03","3,036.55",460.61M,-0.92%,32.24357133138824,-38.85812883729841,-34.04882016915418,3074.382,3137.9095,3198.8615
2025-06-25,"3,108.25","3,127.79","3,129.09","3,084.86",644.76M,0.15%,32.24357133138824,-35.39143182183125,-34.3173424996896,3081.02,3134.1335,3192.9773333333337
2025-06-24,"3,103.64","3,061.14","3,105.04","3,061.14",579.20M,2.96%,32.24357133138824,-32.63978678895137,-33.98183135754196,3083.818,3130.8185000000003,3187.8146666666667
2025-06-23,"3,014.47","2,992.20","3,019.81","2,971.36",625.65M,-0.24%,32.24357133138824,-37.22525251203433,-34.63051558844043,3072.372,3121.0015,3180.562166666666
2025-06-20,"3,021.84","2,986.52","3,022.06","2,972.37",484.86M,1.48%,32.24357133138824,-39.805714232261835,-35.66555531720471,3065.5519999999997,3112.6899999999996,3174.137666666667
2025-06-19,"2,977.74","2,989.56","2,996.04","2,954.47",433.31M,0.19%,32.24357133138824,-44.891765845177815,-37.510797422799335,3045.1879999999996,3101.9625,3167.1743333333334
2025-06-18,"2,972.19","2,933.63","2,979.32","2,933.63",576.55M,0.74%,32.24357133138824,-48.807712084981176,-39.77018035523571,3017.9759999999997,3091.2529999999997,3160.974166666667
2025-06-17,"2,950.30","2,959.93","2,998.62","2,925.79",939.59M,0.12%,32.24357133138824,-53.065758716337314,-42.42929602745603,2987.308,3078.004,3154.9036666666666
2025-06-16,"2,946.66","2,903.50","2,947.07","2,886.13",726.35M,1.80%,32.24357133138824,-56.0874675162172,-45.16093032520827,2973.746,3065.2355,3149.6805
2025-06-13,"2,894.62","2,930.57","2,932.38","2,877.07",931.66M,-0.87%,32.24357133138824,-61.967068797989214,-48.52215801976446,2948.302,3051.178,3144.264333333333
2025-06-12,"2,920.03","2,909.99","2,934.31","2,909.99",713.71M,0.45%,32.24357133138824,-63.84040804954293,-51.585808025720155,2936.76,3038.018,3139.512833333333
2025-06-11,"2,907.04","2,887.32","2,908.16","2,879.92",393.93M,1.23%,32.24357133138824,-65.61683728595062,-54.39201387776625,2923.73,3026.683,3134.6163333333334
2025-06-10,"2,871.85","2,872.62","2,885.67","2,849.67",508.18M,0.56%,32.24357133138824,-69.06803583543297,-57.3272182692996,2908.04,3014.528,3129.4068333333335
2025-06-09,"2,855.77","2,841.56","2,867.27","2,841.39",537.62M,1.55%,32.24357133138824,-72.26760124217344,-60.31529486387437,2889.862,3004.343,3124.1304999999998
2025-06-05,"2,812.05","2,790.33","2,831.11","2,787.76",556.01M,1.49%,32.24357133138824,-77.4384561763186,-63.73992712636322,2873.348,2992.2315,3118.6158333333337
2025-06-04,"2,770.84","2,737.92","2,771.03","2,734.02",489.94M,2.66%,32.24357133138824,-83.89461367542071,-67.77086443617472,2843.5099999999998,2974.96,3111.6963333333333
2025-06-02,"2,698.97","2,692.91","2,719.87","2,685.14",323.60M,0.05%,32.24357133138824,-93.7300121299827,-72.96269397493631,2801.8959999999997,2956.1555,3103.407166666667
2025-05-30,"2,697.67","2,713.24","2,717.54","2,689.87",525.66M,-0.84%,32.24357133138824,-100.47136405728952,-78.46442799140695,2767.06,2936.5564999999997,3095.2490000000003
2025-05-29,"2,720.64","2,691.06","2,720.64","2,686.64",448.34M,1.89%,32.24357133138824,-102.77571255808789,-83.32668490474315,2740.034,2919.0035,3087.603666666667
2025-05-28,"2,670.15","2,648.86","2,692.47","2,643.50",405.47M,1.25%,32.24357133138824,-107.4375729212993,-88.14886250805438,2711.654,2899.714,3078.6085000000003
2025-05-27,"2,637.22","2,630.29","2,642.63","2,625.66",318.29M,-0.27%,32.24357133138824,-112.49256240334444,-93.0176024871124,2684.93,2877.597,3069.75
2025-05-26,"2,644.40","2,598.45","2,644.40","2,595.96",380.17M,2.02%,32.24357133138824,-114.59829419237258,-97.33374082816444,2674.0160000000005,2854.4044999999996,3061.4610000000002
2025-05-23,"2,592.09","2,603.57","2,604.14","2,589.51",434.02M,-0.06%,32.24357133138824,-119.11499808187,-101.68999227890556,2652.9,2828.827,3052.4943333333335
2025-05-22,"2,593.67","2,614.66","2,616.53","2,588.09",358.06M,-1.22%,32.24357133138824,-121.17025043880494,-105.58604391088545,2627.506,2807.787,3043.196166666667
2025-05-21,"2,625.58","2,615.90","2,633.41","2,614.73",371.53M,0.91%,32.24357133138824,-118.85410626901012,-108.23965638251039,2618.5919999999996,2787.974,3034.001166666667
2025-05-20,"2,601.80","2,622.68","2,622.91","2,598.10",456.99M,-0.06%,32.24357133138824,-117.58198070841263,-110.10812124769083,2611.5080000000003,2769.1769999999997,3023.6035
2025-05-19,"2,603.42","2,613.70","2,619.43","2,593.44",313.30M,-0.89%,32.24357133138824,-115.11610477679415,-111.1097179535115,2603.312,2750.7385000000004,3013.254333333333
2025-05-16,"2,626.87","2,630.64","2,633.98","2,619.10",359.71M,0.21%,32.24357133138824,-110.00163098675921,-110.88810056016105,2610.268,2734.567,3003.8703333333333
2025-05-15,"2,621.36","2,634.50","2,643.83","2,618.08",339.58M,-0.73%,32.24357133138824,-105.18052894628454,-109.74658623738576,2615.8059999999996,2718.302,2994.1135
2025-05-14,"2,640.57","2,625.36","2,646.01","2,619.15",390.50M,1.23%,32.24357133138824,-98.67225208897571,-107.53171940770376,2618.804,2705.5995,2984.622833333334
2025-05-13,"2,608.42","2,601.76","2,620.64","2,601.58",422.46M,0.04%,32.24357133138824,-95.01337703451418,-105.02805093306586,2620.1279999999997,2690.0190000000002,2974.301833333333
2025-05-12,"2,607.33","2,593.94","2,607.33","2,585.60",409.75M,1.17%,32.24357133138824,-91.1509150740726,-102.25262376126722,2620.91,2675.0335,2964.4550000000004
2025-05-09,"2,577.27","2,587.93","2,589.58","2,571.20",485.55M,-0.09%,32.24357133138824,-89.48396151447787,-99.69889131190935,2610.9900000000002,2660.3045,2954.1095
2025-05-08,"2,579.48","2,581.27","2,590.90","2,575.78",471.64M,0.22%,32.24357133138824,-86.98188722688155,-97.1554904949038,2602.614,2646.49,2944.638333333334
2025-05-07,"2,573.80","2,577.04","2,581.85","2,559.17",546.76M,0.55%,32.24357133138824,-84.48343144911314,-94.62107868574567,2589.26,2634.5775000000003,2935.5448333333334
2025-05-02,"2,559.79","2,556.52","2,567.04","2,540.57",585.49M,0.12%,32.24357133138824,-82.68078454118495,-92.23301985683354,2579.5340000000006,2624.025,2924.1173333333336
2025-04-30,"2,556.61","2,561.04","2,570.83","2,544.46",487.49M,-0.34%,32.24357133138824,-80.57989839347829,-89.9023955641625,2569.39,2616.907,2912.4863333333333
2025-04-29,"2,565.42","2,550.25","2,571.41","2,542.25",547.08M,0.65%,32.24357133138824,-77.31282350973697,-87.3844811532774,2567.02,2610.2945,2901.4005
2025-04-28,"2,548.86","2,551.23","2,558.69","2,541.97",454.10M,0.10%,32.24357133138824,-75.19311727877448,-84.94620837837682,2560.8959999999997,2601.7055,2890.3894999999998
2025-04-25,"2,546.30","2,544.59","2,553.33","2,534.94",403.53M,0.95%,32.24357133138824,-72.87969368153927,-82.53290543900931,2555.3959999999997,2595.513,2879.560333333334
2025-04-24,"2,522.33","2,525.34","2,530.61","2,507.21",327.94M,-0.13%,32.24357133138824,-72.14878124858751,-80.45608060092495,2547.904,2589.7684999999997,2868.425
2025-04-23,"2,525.56","2,520.56","2,526.72","2,507.10",538.12M,1.57%,32.24357133138824,-70.49625690654784,-78.46411586204954,2541.6940000000004,2583.8265,2857.4548333333337
2025-04-22,"2,486.64","2,481.18","2,494.59","2,476.14",416.68M,-0.07%,32.24357133138824,-71.50289730060149,-77.07187214975994,2525.938,2578.554,2846.0665000000004
2025-04-21,"2,488.42","2,486.38","2,498.84","2,479.23",428.98M,0.20%,32.24357133138824,-71.33473353753106,-75.92444442731417,2513.85,2573.2915000000003,2834.0266666666666
2025-04-18,"2,483.42","2,473.30","2,486.37","2,466.90",450.98M,0.53%,32.24357133138824,-70.78891026404244,-74.89733759465983,2501.2740000000003,2566.1835,2822.2825000000003
2025-04-17,"2,470.41","2,451.70","2,473.24","2,447.40",601.74M,0.94%,32.24357133138824,-70.59239447696109,-74.03634897112009,2490.8900000000003,2559.614,2810.251166666667
2025-04-16,"2,447.43","2,472.78","2,475.83","2,442.72",613.17M,-1.21%,32.24357133138824,-71.46711977794394,-73.52250313248487,2475.264,2551.8145,2797.9353333333333
2025-04-15,"2,477.41","2,464.51","2,482.56","2,461.23",560.34M,0.88%,32.24357133138824,-68.94643880546118,-72.60729026708013,2473.418,2544.3415,2785.6375
2025-04-14,"2,455.89","2,454.28","2,465.56","2,449.48",488.62M,0.95%,32.24357133138824,-67.90252706000592,-71.66633762566529,2466.912,2536.068,2773.201833333333
2025-04-11,"2,432.72","2,400.74","2,433.18","2,394.25",369.70M,-0.50%,32.24357133138824,-68.1591486034813,-70.9648998212285,2456.772,2525.6755000000003,2760.817666666667
2025-04-10,"2,445.06","2,395.13","2,445.06","2,391.39",670.39M,6.60%,32.24357133138824,-66.59907546969725,-70.09173495092226,2451.7019999999998,2517.5074999999997,2748.514833333333
2025-04-09,"2,293.70","2,329.99","2,337.58","2,284.72",699.64M,-1.74%,32.24357133138824,-76.6921341202119,-71.41181478478019,2420.9559999999997,2501.826,2734.514166666667
2025-04-08,"2,334.23","2,381.20","2,381.31","2,328.94",557.02M,0.26%,32.24357133138824,-80.49265432651009,-73.22798269312618,2392.3199999999997,2489.674,2721.5021666666667
2025-04-07,"2,328.20","2,359.25","2,369.40","2,327.01",619.50M,-5.57%,32.24357133138824,-83.03400030778084,-75.18918621605711,2366.782,2477.11,2709.3143333333333
2025-04-04,"2,465.42","2,450.49","2,506.71","2,438.02",695.08M,-0.86%,32.24357133138824,-73.13250214145046,-74.77784940113578,2373.322,2471.691,2699.5
2025-04-03,"2,486.70","2,437.43","2,488.92","2,437.43",480.06M,-0.76%,32.24357133138824,-62.84394942262861,-72.39106940543435,2381.6499999999996,2468.0364999999997,2689.0071666666668
2025-04-02,"2,505.86","2,525.62","2,532.15","2,499.83",515.60M,-0.62%,32.24357133138824,-52.53851410819425,-68.42055834598634,2424.082,2465.499,2679.5205
2025-04-01,"2,521.39","2,511.24","2,530.61","2,494.43",453.39M,1.62%,32.24357133138824,-42.62686519679164,-63.2618197161474,2461.514,2463.2974999999997,2670.0495
2025-03-31,"2,481.12","2,513.44","2,514.22","2,479.46",391.59M,-3.00%,32.24357133138824,-37.587973711256836,-58.127050515169294,2492.098,2459.9105,2660.2065
2025-03-28,"2,557.98","2,592.63","2,592.63","2,549.26",513.56M,-1.89%,32.24357133138824,-27.08048922872922,-51.91773825788128,2510.6099999999997,2460.4945,2651.9071666666664
2025-03-27,"2,607.15","2,620.28","2,633.03","2,603.41",403.31M,-1.39%,32.24357133138824,-14.617126865168302,-44.45761597933869,2534.7,2464.7355,2644.0336666666667
2025-03-26,"2,643.94","2,628.09","2,649.15","2,618.05",507.92M,1.08%,32.24357133138824,-1.7509925134872901,-35.916291286168416,2562.316,2470.6544999999996,2636.2951666666663
2025-03-25,"2,615.81","2,653.04","2,654.63","2,612.74",439.28M,-0.62%,32.24357133138824,6.105277904649938,-27.511977448004746,2581.2,2477.113,2628.1646666666666
2025-03-24,"2,632.07","2,636.43","2,648.82","2,629.38",372.43M,-0.42%,32.24357133138824,13.487993726215336,-19.311983213160733,2611.3900000000003,2484.2954999999997,2621.7913333333336
2025-03-21,"2,643.13","2,633.90","2,645.82","2,617.78",497.53M,0.23%,32.24357133138824,20.000742660760352,-11.449438038376517,2628.42,2492.281,2615.4795
2025-03-20,"2,637.10","2,648.16","2,650.72","2,629.20",455.02M,0.32%,32.24357133138824,24.394369402517896,-4.280676550197635,2634.4100000000003,2500.6155,2609.802166666667
2025-03-19,"2,628.62","2,613.48","2,642.83","2,613.48",653.33M,0.62%,32.24357133138824,26.882203808139366,1.9518995214697652,2631.346,2509.675,2604.076
2025-03-18,"2,612.34","2,627.27","2,638.56","2,606.91",555.53M,0.06%,32.24357133138824,27.226322458604955,7.006784108896803,2630.652,2516.4215,2598.4433333333336
2025-03-17,"2,610.69","2,588.32","2,610.69","2,587.52",396.57M,1.73%,32.24357133138824,27.054035675253544,11.016234422168154,2626.3759999999997,2524.1615,2592.8438333333334
2025-03-14,"2,566.36","2,565.18","2,576.74","2,559.24",362.33M,-0.28%,32.24357133138824,23.07444875752526,13.427877289239575,2611.022,2530.8435,2587.3728333333333
2025-03-13,"2,573.64","2,598.06","2,600.07","2,561.02",427.29M,-0.05%,32.24357133138824,20.274322838990884,14.797166399189837,2598.33,2537.2725,2581.599666666667
2025-03-12,"2,574.82","2,552.60","2,579.69","2,541.66",401.64M,1.47%,32.24357133138824,17.943576631148062,15.426448445581483,2587.57,2551.3285,2576.0626666666667
2025-03-11,"2,537.60","2,516.69","2,547.88","2,505.91",399.02M,-1.28%,32.24357133138824,12.943891406984676,14.929937037862123,2572.6220000000003,2561.4970000000003,2570.4918333333335
2025-03-10,"2,570.39","2,555.40","2,579.76","2,549.99",435.70M,0.27%,32.24357133138824,11.494976870594655,14.24294500440863,2564.562,2573.6065,2565.7355000000002
2025-03-07,"2,563.48","2,553.44","2,575.48","2,541.49",567.19M,-0.49%,32.24357133138824,9.677565460367987,13.329869095600502,2563.986,2578.5095,2561.5926666666664
2025-03-06,"2,576.16","2,573.55","2,583.65","2,565.57",609.62M,0.70%,32.24357133138824,9.154891957080508,12.494873667896504,2564.4900000000002,2582.9825,2558.348
2025-03-05,"2,558.13","2,548.45","2,561.47","2,535.18",569.41M,1.16%,32.24357133138824,7.202770073227839,11.43645294896277,2561.152,2585.596,2556.0006666666663
2025-03-04,"2,528.92","2,522.20","2,548.78","2,513.31",484.08M,-0.15%,32.24357133138824,3.261104550856089,9.801383269341436,2559.416,2585.9725000000003,2553.188166666667
2025-02-28,"2,532.78","2,585.61","2,586.78","2,531.24",588.57M,-3.39%,32.24357133138824,0.4436617108117389,7.929838957635496,2551.8940000000002,2588.5555,2550.0571666666665
2025-02-27,"2,621.75","2,637.63","2,638.47","2,610.47",513.91M,-0.73%,32.24357133138824,5.328529437718771,7.409577053652152,2563.5480000000002,2591.744,2549.2505
2025-02-26,"2,641.09","2,629.86","2,648.06","2,620.16",386.76M,0.41%,32.24357133138824,10.637773047829342,8.05521625248759,2576.5340000000006,2593.441,2549.315
2025-02-25,"2,630.29","2,617.64","2,641.49","2,617.12",410.28M,-0.57%,32.24357133138824,13.81467020050377,9.207107042090826,2590.966,2592.7585,2549.0798333333337
2025-02-24,"2,645.27","2,636.12","2,645.27","2,626.88",536.35M,-0.35%,32.24357133138824,17.341245802166668,10.833934794105994,2614.236,2594.2315000000003,2549.9661666666666
2025-02-21,"2,654.58","2,653.76","2,656.04","2,638.44",444.70M,0.02%,32.24357133138824,20.649289412561302,12.797005717797056,2638.596,2595.357,2550.9813333333336
2025-02-20,"2,654.06","2,661.72","2,667.59","2,645.53",529.30M,-0.65%,32.24357133138824,22.964260453041334,14.830456664845912,2645.058,2595.9035,2551.456
2025-02-19,"2,671.52","2,633.91","2,680.70","2,633.91",525.80M,1.70%,32.24357133138824,25.90910374170153,17.046186080217037,2651.144,2597.6245,2552.618
2025-02-18,"2,626.81","2,613.25","2,628.47","2,605.15",421.99M,0.63%,32.24357133138824,24.35444701638744,18.50783826745112,2650.448,2597.534,2553.0078333333336
2025-02-17,"2,610.42","2,595.99","2,612.80","2,592.57",366.34M,0.75%,32.24357133138824,21.551403177279553,19.11655124941681,2643.478,2597.438,2552.733666666667
2025-02-14,"2,591.05","2,588.20","2,600.57","2,582.84",499.36M,0.31%,32.24357133138824,17.56450098792402,18.80614119711825,2630.772,2596.4559999999997,2552.2284999999997
2025-02-13,"2,583.17","2,558.95","2,583.74","2,555.98",680.34M,1.36%,32.24357133138824,13.612090429449836,17.76733104358457,2616.594,2597.2965,2551.2718333333332
2025-02-12,"2,548.39","2,534.71","2,549.58","2,528.74",464.89M,0.37%,32.24357133138824,7.585875998400752,15.731040034547807,2591.968,2596.034,2550.271333333333
2025-02-11,"2,539.05","2,532.87","2,549.44","2,527.74",451.09M,0.71%,32.24357133138824,2.03296297124416,12.991424621887077,2574.416,2594.2455,2549.133333333333
2025-02-10,"2,521.27","2,510.64","2,527.33","2,499.18",393.56M,-0.03%,32.24357133138824,-3.7591251608164384,9.641314665346375,2556.5860000000002,2593.429,2548.2
2025-02-07,"2,521.92","2,532.09","2,537.63","2,519.01",419.87M,-0.58%,32.24357133138824,-8.202395063019594,6.072572719673182,2542.7599999999998,2591.0055,2547.2406666666666
2025-02-06,"2,536.75","2,521.82","2,536.75","2,515.34",479.70M,1.10%,32.24357133138824,-10.407094900209813,2.7766391956965824,2533.4759999999997,2589.669,2546.6231666666667
2025-02-05,"2,509.27","2,503.94","2,514.71","2,498.74",437.34M,1.11%,32.24357133138824,-14.207961212535793,-0.6202808859498927,2525.652,2586.3245,2545.7811666666666
2025-02-04,"2,481.69","2,481.44","2,508.35","2,471.63",479.38M,1.13%,32.24357133138824,-19.224047796693867,-4.341034268098688,2514.18,2582.5024999999996,2544.5325000000003
2025-02-03,"2,453.95","2,468.74","2,468.74","2,437.61",522.85M,-2.52%,32.24357133138824,-25.14783018830849,-8.502393452140648,2500.716,2578.754,2542.6746666666663
2025-01-31,"2,517.37","2,534.33","2,537.98","2,496.95",454.40M,-0.77%,32.24357133138824,-24.443239980162616,-11.690562757745042,2499.806,2577.9835,2542.149833333334
2025-01-24,"2,536.80","2,529.29","2,542.83","2,522.64",602.01M,0.85%,32.24357133138824,-22.062683663465577,-13.764986938889148,2499.816,2573.736,2541.9914999999996
2025-01-23,"2,515.49","2,541.24","2,541.60","2,515.49",609.74M,-1.24%,32.24357133138824,-21.646091863620313,-15.341207923835384,2501.06,2567.456,2541.8775
2025-01-22,"2,547.06","2,535.80","2,552.57","2,526.89",583.74M,1.15%,32.24357133138824,-18.554618608885903,-15.98389006084549,2514.1339999999996,2563.2945,2542.235833333333
2025-01-21,"2,518.03","2,533.23","2,548.44","2,507.95",572.01M,-0.08%,32.24357133138824,-18.236859009206,-16.43448385051759,2526.95,2556.9325,2542.7589999999996
2025-01-20,"2,520.05","2,533.68","2,536.72","2,516.28",437.55M,-0.14%,32.24357133138824,-17.618935003653405,-16.671374081144755,2527.486,2550.206,2543.2861666666668
2025-01-17,"2,523.55","2,520.85","2,528.48","2,513.84",445.88M,-0.16%,32.24357133138824,-16.654818645985415,-16.668062994112887,2524.8360000000002,2543.6805,2543.955
2025-01-16,"2,527.49","2,528.27","2,534.01","2,519.86",451.06M,1.23%,32.24357133138824,-15.395356329909646,-16.41352166127224,2527.236,2536.4790000000003,2544.9063333333334
2025-01-15,"2,496.81","2,511.07","2,524.36","2,493.10",538.53M,-0.02%,32.24357133138824,-16.680559856290074,-16.466929300275808,2517.186,2529.979,2545.7293333333337
2025-01-14,"2,497.40","2,501.49","2,504.89","2,482.74",414.49M,0.31%,32.24357133138824,-17.450328318767333,-16.663609103974114,2513.0600000000004,2524.328,2546.0625
2025-01-13,"2,489.56","2,508.15","2,513.93","2,483.73",578.56M,-1.04%,32.24357133138824,-18.479972233029457,-17.026881729785185,2506.962,2519.2535000000003,2546.623666666667
2025-01-10,"2,515.78","2,528.42","2,535.24","2,506.29",377.59M,-0.24%,32.24357133138824,-16.984451399667705,-17.01839566376169,2505.4080000000004,2515.884,2548.0080000000003
2025-01-09,"2,521.90","2,526.10","2,535.87","2,515.82",404.29M,0.03%,32.24357133138824,-15.13098691313462,-16.64091391363628,2504.29,2514.5595000000003,2549.288666666667
2025-01-08,"2,521.05","2,481.25","2,526.77","2,481.25",362.91M,1.16%,32.24357133138824,-13.574215740915406,-16.027574279092104,2509.138,2513.6595,2553.0778333333337
2025-01-07,"2,492.10","2,513.49","2,521.86","2,492.09",407.69M,0.14%,32.24357133138824,-14.509233019194198,-15.723906027112523,2508.078,2512.201,2555.709
2025-01-06,"2,488.64","2,453.30","2,489.10","2,446.82",302.76M,1.91%,32.24357133138824,-15.352460425034678,-15.649616906696956,2507.8940000000002,2510.537,2558.3830000000003
2025-01-03,"2,441.92","2,402.58","2,454.67","2,402.58",407.54M,1.79%,32.24357133138824,-19.56510343046466,-16.4327142114505,2493.1220000000003,2505.7955,2557.991333333333
2025-01-02,"2,398.94","2,400.87","2,410.99","2,386.84",350.69M,-0.02%,32.24357133138824,-26.071247056594075,-18.360420780479213,2468.5299999999997,2500.2789999999995,2556.5286666666666
